Mix_fact,Accuracy,prob_pos,TPR,TNR,PPV,Renyi preds and s,Accuracy_sens_0.0,Accuracy_sens_1.0,Accuracy_sens_0.0-sens_1.0,Accuracy_sens_0.0/sens_1.0,prob_pos_sens_0.0,prob_pos_sens_1.0,prob_pos_sens_0.0-sens_1.0,prob_pos_sens_0.0/sens_1.0,TPR_sens_0.0,TPR_sens_1.0,TPR_sens_0.0-sens_1.0,TPR_sens_0.0/sens_1.0,TNR_sens_0.0,TNR_sens_1.0,TNR_sens_0.0-sens_1.0,TNR_sens_0.0/sens_1.0,PPV_sens_0.0,PPV_sens_1.0,PPV_sens_0.0-sens_1.0,PPV_sens_0.0/sens_1.0
0.0,0.8115004935834156,0.4843040473840079,0.8065473145780051,0.8161182641869337,0.8035059111292295,0.1712889937139395,0.8384882637064656,0.7738503369192576,0.06463792678720792,0.9229113517922344,0.41182950597407,0.5854119872325334,0.17358248125846343,0.7034866298535254,0.7302416212003118,0.9522321428571429,0.22199052165683109,0.7668735262488038,0.9674155217229855,0.6563051578740929,0.31111036384889257,0.6784108205181585,0.9638888888888889,0.6461025848142165,0.31778630407467245,0.6703081571559594
1.0,0.8087857847976307,0.540720631786772,0.8621994884910485,0.7589890319504053,0.7693290734824281,0.3769729558764178,0.7990848233200576,0.8223194230996572,0.02323459977959963,0.9717450431949923,0.6997712058300144,0.3188320132403357,0.3809391925896787,0.4556232245397435,0.958846453624318,0.6776785714285715,0.2811678821957465,0.7067644343544605,0.6088005941329372,0.9176309080211806,0.30883031388824345,0.6634482217319613,0.7448534754177767,0.8442714126807565,0.09941793726297976,0.8822441032945734
