Mix_fact,Accuracy,prob_pos,TPR,TNR,PPV,Renyi preds and s,Accuracy_sens_0.0,Accuracy_sens_1.0,Accuracy_sens_0.0-sens_1.0,Accuracy_sens_0.0/sens_1.0,prob_pos_sens_0.0,prob_pos_sens_1.0,prob_pos_sens_0.0-sens_1.0,prob_pos_sens_0.0/sens_1.0,TPR_sens_0.0,TPR_sens_1.0,TPR_sens_0.0-sens_1.0,TPR_sens_0.0/sens_1.0,TNR_sens_0.0,TNR_sens_1.0,TNR_sens_0.0-sens_1.0,TNR_sens_0.0/sens_1.0,PPV_sens_0.0,PPV_sens_1.0,PPV_sens_0.0-sens_1.0,PPV_sens_0.0/sens_1.0
0.0,0.8122655478775913,0.46488153998025666,0.7872122762148338,0.8356223175965666,0.8170090778786431,0.13366044947759215,0.8232353190407593,0.7969618158174725,0.02627350322328681,0.9680850631458562,0.40843996271502414,0.5436221775623596,0.1351822148473355,0.7513305740146545,0.7130943102104442,0.9287202380952381,0.21562592788479384,0.7678246698628722,0.9544188637207576,0.7101392429888214,0.2442796207319362,0.7440540730936274,0.9490663900414937,0.678590844840709,0.27047554520078476,0.715008825474307
1.0,0.8209279368213228,0.5313425468904245,0.8650639386189258,0.7797806390081068,0.7855085926614027,0.2879436593165785,0.8199305143631895,0.8223194230996572,0.0023889087364676875,0.9970949138870356,0.6529955088551818,0.36162666981912756,0.2913688390360542,0.5537965650837691,0.9349961028838659,0.731547619047619,0.20344848383624692,0.7824071317423268,0.6828815447456368,0.8821337517160227,0.19925220697038593,0.7741247213557141,0.7783545289384894,0.8035305655442955,0.02517603660580603,0.9686682278367938
