Mix_fact,Accuracy,prob_pos,TPR,TNR,PPV,Renyi preds and s,Accuracy_sens_0.0,Accuracy_sens_1.0,Accuracy_sens_0.0-sens_1.0,Accuracy_sens_0.0/sens_1.0,prob_pos_sens_0.0,prob_pos_sens_1.0,prob_pos_sens_0.0-sens_1.0,prob_pos_sens_0.0/sens_1.0,TPR_sens_0.0,TPR_sens_1.0,TPR_sens_0.0-sens_1.0,TPR_sens_0.0/sens_1.0,TNR_sens_0.0,TNR_sens_1.0,TNR_sens_0.0-sens_1.0,TNR_sens_0.0/sens_1.0,PPV_sens_0.0,PPV_sens_1.0,PPV_sens_0.0-sens_1.0,PPV_sens_0.0/sens_1.0
0.0,0.8313425468904245,0.5019249753208292,0.8453708439897698,0.8182641869337148,0.8126167764775297,0.10173330927731306,0.8591644775866452,0.7925286676912164,0.06663580989542872,0.9224411487744398,0.4588594186933311,0.5620049651259014,0.10314554643257029,0.8164686206829802,0.7925175370226033,0.9462797619047619,0.15376222488215863,0.8375087040087897,0.9385443743037505,0.6912139635222593,0.2473304107814912,0.7364744624195625,0.9388734995383194,0.668805216659655,0.27006828287866447,0.71234859327538
1.0,0.81964461994077,0.49590325765054294,0.8270076726342711,0.8127801621363853,0.8046182940181149,0.33036997523183675,0.8261588001016863,0.8105568034046577,0.015601996697028553,0.9811150148190539,0.6357512075247861,0.3008038775268944,0.3349473299978917,0.47314715877305974,0.9248636009353078,0.6401785714285714,0.28468502950673646,0.6921870109075149,0.7085963609357594,0.9228280054912728,0.21423164455551336,0.7678531175032276,0.7908030656447851,0.8453527215562979,0.05454965591151284,0.935471129954977
