Scale,Accuracy,prob_pos,TPR,TNR,PPV,Renyi preds and s
0.0,0.9534,0.1143,0.9876651982378855,0.9975183305132543,0.9807524059492564,0.06942895112880706
0.01,0.9421,0.1068,0.9171806167400881,0.9969543147208122,0.9747191011235955,0.09663210186935128
0.02,0.9528,0.1127,0.9665198237885463,0.9966159052453468,0.9733806566104702,0.09311791393191508
0.03,0.9681,0.1131,0.9806167400881057,0.9979695431472081,0.9840848806366048,0.07924946876259154
0.04,0.9376,0.1109,0.9444933920704845,0.9958262831359278,0.9666366095581606,0.11373934998883127
0.05,0.9536,0.1123,0.9762114537444934,0.9983079526226735,0.9866429207479964,0.08462323044807869
