Mix_fact,Accuracy,prob_pos,TPR,TNR,PPV,Renyi preds and s,Accuracy_sens_0.0,Accuracy_sens_1.0,Accuracy_sens_0.0-sens_1.0,Accuracy_sens_0.0/sens_1.0,prob_pos_sens_0.0,prob_pos_sens_1.0,prob_pos_sens_0.0-sens_1.0,prob_pos_sens_0.0/sens_1.0,TPR_sens_0.0,TPR_sens_1.0,TPR_sens_0.0-sens_1.0,TPR_sens_0.0/sens_1.0,TNR_sens_0.0,TNR_sens_1.0,TNR_sens_0.0-sens_1.0,TNR_sens_0.0/sens_1.0,PPV_sens_0.0,PPV_sens_1.0,PPV_sens_0.0-sens_1.0,PPV_sens_0.0/sens_1.0
0,0.521520237,0,0,1,nan,1,0.463253089,0.602404668,0.139151579,0.769006473,0,0,0,nan,0,0,0,nan,1,1,0,1,nan,nan,nan,nan
1,0.509378085,0.747482725,0.768413452,0.271720613,0.491877971,0.091829108,0.528425254,0.482937467,0.045487787,0.913918219,0.781344202,0.700477397,0.080866805,0.896502969,0.788561936,0.730655203,0.057906733,0.926566664,0.227018605,0.319440368,0.092421763,0.710676007,0.541705157,0.414724443,0.126980714,0.765590723