Mix_fact,Accuracy,prob_pos,TPR,TNR,PPV,Renyi preds and s,Accuracy_sens_0,Accuracy_sens_1,Accuracy_sens_0-sens_1,Accuracy_sens_0/sens_1,prob_pos_sens_0,prob_pos_sens_1,prob_pos_sens_0-sens_1,prob_pos_sens_0/sens_1,TPR_sens_0,TPR_sens_1,TPR_sens_0-sens_1,TPR_sens_0/sens_1,TNR_sens_0,TNR_sens_1,TNR_sens_0-sens_1,TNR_sens_0/sens_1,PPV_sens_0,PPV_sens_1,PPV_sens_0-sens_1,PPV_sens_0/sens_1
0.0,0.5215202369200395,0.0,0.0,1.0,nan,1.0,0.4632530887784996,0.6024046678847174,0.13915157910621778,0.7690064726841603,0.0,0.0,0.0,nan,0.0,0.0,0.0,nan,1.0,1.0,0.0,1.0,nan,nan,nan,nan
1.0,0.5093780848963475,0.7474827245804541,0.7684134516195585,0.2717206132879046,0.49187797147385104,0.09182910834764642,0.5284252536831826,0.4829374668474097,0.045487786835772925,0.9139182192396786,0.7813442024370568,0.7004773973006424,0.08086680513641442,0.8965029690062507,0.788561936402468,0.7306552030833087,0.0579067333191593,0.9265666643975512,0.22701860507744479,0.3194403678700714,0.09242176279262662,0.7106760068902185,0.5417051567679183,0.41472444257467395,0.12698071419324436,0.7655907229111971
