Mix_fact,Accuracy,prob_pos,TPR,TNR,PPV,Renyi preds and s,Accuracy_sens_0.0,Accuracy_sens_1.0,Accuracy_sens_0.0-sens_1.0,Accuracy_sens_0.0/sens_1.0,prob_pos_sens_0.0,prob_pos_sens_1.0,prob_pos_sens_0.0-sens_1.0,prob_pos_sens_0.0/sens_1.0,TPR_sens_0.0,TPR_sens_1.0,TPR_sens_0.0-sens_1.0,TPR_sens_0.0/sens_1.0,TNR_sens_0.0,TNR_sens_1.0,TNR_sens_0.0-sens_1.0,TNR_sens_0.0/sens_1.0,PPV_sens_0.0,PPV_sens_1.0,PPV_sens_0.0-sens_1.0,PPV_sens_0.0/sens_1.0
0.0,0.8202615992102665,0.5016535044422508,0.8363936455539509,0.8054609123604013,0.7977566783096375,0.047367040395026025,0.8474079735065597,0.782577945423469,0.06483002808309068,0.9234960844009702,0.4815522438755148,0.5295573760829846,0.04800513220746977,0.9093485722688771,0.8064388546116121,0.8925289060183813,0.08609005140676917,0.9035436826457292,0.8948767299055999,0.7100088054006457,0.18486792450495415,0.7934152064447404,0.898871451243167,0.6701168614357262,0.2287545898074408,0.7455091164692503
1.0,0.8099457058242843,0.4756416584402764,0.7984320198060656,0.8205091803899299,0.8031961811861152,0.1570815214349115,0.8159470131193478,0.8016148995108151,0.014332113608532704,0.9824349947017499,0.542223920519679,0.383214475157659,0.15900944536202005,0.7067457938601787,0.8336497389653535,0.7324340349836941,0.10121570398165947,0.8785872540339559,0.7954357987352213,0.8472752176890715,0.05183941895385025,0.9388163162670551,0.8252290345313601,0.7599200246078129,0.06530900992354716,0.9208595345162139
